{
  "links": {
    "self":"http://localhost:3000/posts/1"
  },
  "data": {
    "type": "posts",
    "id": "objectID",
    "attributes": {
      "title": "meme post #1",
      "date": "13-01-2013",
      "content": "varchar(400)"
    },
    "relationships": {
      "author": {
        "links": {
          "self": "http://localhost:3000/api/posts/1/relationships/author",
          "related": "http://localhost:3000/api/posts/1/author"
        },
        "data": { "type": "users", "id": "objectID" }
      },
      "thread": {
        "links": {
          "self": "http://localhost:3000/api/posts/1/relationships/thread",
          "related":"http://localhost:3000/api/posts/1/thread"
        },
        "data": { "type": "threads", "id": "objectID" }
      }
    }
  }
}